Product1,product Description, 1000
Product2,product Description, 2000
Product3,product Description, 3000
Product4,product Description, 4000
Product5,product Description, 5000
Product6,product Description, 6000
Product7,product Description, 7000
Product8,product Description, 8000
Product9,product Description, 9000
Product10,product Description, 10000
Product11,product Description, 1000
Product12,product Description, 2000
Product13,product Description, 3000
Product14,product Description, 4000
Product15,product Description, 5000
Product16,product Description, 6000
Product17,product Description, 7000
Product18,product Description, 8000
Product19,product Description, 9000
Product20,product Description, 10000
Product21,product Description, 1000
Product22,product Description, 2000
Product23,product Description, 3000
Product24,, 4000
Product25,product Description, 5000
Product26,product Description, 6000
Product27,, 7000
Product28,product Description, 8000
Product29,product Description, 9000
Product30,product Description, 10000
